reference,name,description,notes,entry-date,end-date
application-submitted,Application submitted,The date the application was submitted,Users need to know when an application was submitted so they can distinguish submission from receipt by the planning authority and understand the sequence and elapsed time between stages.,2026-01-28,
invalid-from,Invalid,"The date from which the authority treated the application as invalid, which may differ from the date the validation check was completed or the applicant was notified.",Users need to know whether and when an application was treated as invalid so they can understand its status during validation.,2026-01-28,
valid-from,Valid,"The date from which the authority treated the application as valid for statutory or process purposes, which may differ from the date the validation check was completed.",Users need to know the date from which an application was treated as valid so they can understand when it entered the formal planning process.,2026-01-28,
validation-completed,Validation completed,"The date the authority completed its validation check, which may differ from the date the application is treated as valid from.",Users need to know when validation was completed so they can distinguish the validation admin task from the date the application is treated as valid.,2026-05-29,
application-published,Application published,The date the application was first published on the planning register or authority website.,Users need to know when an application was first published so they can understand when it became publicly visible and distinguish publication from publicity or consultation dates.,2026-05-29,
publicity-start,Publicity start,The date publicity for the application started under Article 15 of the Development Management Procedure Order.,Users need to know when application publicity started so they can distinguish statutory publicity from publication on the register and consultee consultation dates.,2026-06-03,
additional-information-requested,Additional information requested,The date the authority asked for further information,Users need to know whether and when additional information was requested so they can place the request in the application timeline and understand its status at that point.,2026-01-28,
additional-information-received,Additional information received,The date the applicant supplied the requested information,Users need to know when the requested information was supplied so they can judge whether the application can progress.,2026-01-28,
consultation-start,Consultation start,The date consultation with consultees opens. This is distinct from public publicity under Article 15 of the Development Management Procedure Order 2015.,Users need to know when consultation with consultees opened so they can understand when that part of the application process took place.,2026-01-28,
consultation-end,Consultation end,The date consultation with consultees closes. This is distinct from public publicity under Article 15 of the Development Management Procedure Order 2015.,Users need to know when consultation with consultees closed so they can understand when that part of the application process took place.,2026-01-28,
consultees-contacted,Consultees contacted,The date contact with consultees occurred,Users need to know which consultees were contacted and when so they can understand who was asked to advise on the application and when that engagement took place.,2026-01-28,
call-in-direction-issued,Call-in direction issued,The date the direction to call in the application was issued,Users need to know whether and when a call-in direction was issued so they can understand the change in decision route and timetable.,2026-01-28,
committee-date,Committee date,The date of the committee meeting,Users need to know when an application is going to committee so they can follow decision-making and prepare representations.,2026-01-28,
resolution-to-grant,Resolution to grant,The date the determining authority resolved to grant permission before the formal decision notice was issued.,Users need to know when the determining authority has resolved to grant so they can understand the application's direction before the formal decision notice is issued.,2026-06-05,
resolution-to-refuse,Resolution to refuse,The date the determining authority resolved to refuse permission before the formal decision notice was issued.,Users need to know when the determining authority has resolved to refuse so they can understand the application's direction before the formal decision notice is issued.,2026-06-05,
time-extension-agreed,Time extension agreed,The date an extension of time was agreed,Users need to know whether and when an extension of time was agreed. This event does not record the revised determination deadline.,2026-01-28,
