reference,decision-notice,planning-condition,organisation,requested-by,discharged-by
2011_0734-con01,2011_0734-dn,con01,local-authority:HCK,,
2011_0734-con02,2011_0734-dn,con02,local-authority:HCK,,
2011_0734-con03,2011_0734-dn,con03,local-authority:HCK,,
2011_0734-con04,2011_0734-dn,con04,local-authority:HCK,,
2011_0734-con05,2011_0734-dn,con05,local-authority:HCK,,
2011_0734-con06,2011_0734-dn,con06,local-authority:HCK,,
2011_0734-con07,2011_0734-dn,con07,local-authority:HCK,,
2011_0734-con08,2011_0734-dn,con08,local-authority:HCK,,
2011_0734-con09,2011_0734-dn,con09,local-authority:HCK,,
2011_0734-con10,2011_0734-dn,con10,local-authority:HCK,,
2011_0734-con11,2011_0734-dn,con11,local-authority:HCK,,
2011_0734-con12,2011_0734-dn,con12,local-authority:HCK,,
2011_0734-con13,2011_0734-dn,con13,local-authority:HCK,,
2011_0734-con14,2011_0734-dn,con14,local-authority:HCK,,
2011_0734-con15,2011_0734-dn,con15,local-authority:HCK,,
2011_0734-con16,2011_0734-dn,con16,local-authority:HCK,,
2011_0734-con17,2011_0734-dn,con17,local-authority:HCK,,
2011_0734-con18,2011_0734-dn,con18,local-authority:HCK,,
2011_0734-con19,2011_0734-dn,con19,local-authority:HCK,,
2011_0734-con20,2011_0734-dn,con20,local-authority:HCK,,
2011_0734-con21,2011_0734-dn,con21,local-authority:HCK,,
2011_0734-con22,2011_0734-dn,con22,local-authority:HCK,,
2011_0734-con23,2011_0734-dn,con23,local-authority:HCK,,
2011_0734-con24,2011_0734-dn,con24,local-authority:HCK,,
2011_0734-con25,2011_0734-dn,con25,local-authority:HCK,,
2011_0734-con26,2011_0734-dn,con26,local-authority:HCK,,
2011_0734-con27,2011_0734-dn,con27,local-authority:HCK,,
2011_0734-con28,2011_0734-dn,con28,local-authority:HCK,,
2011_0734-con29,2011_0734-dn,con29,local-authority:HCK,,
2011_0734-con30,2011_0734-dn,con30,local-authority:HCK,,
2011_0734-con31,2011_0734-dn,con31,local-authority:HCK,,
2011_0734-con32,2011_0734-dn,con32,local-authority:HCK,,
2011_0734-con33,2011_0734-dn,con33,local-authority:HCK,,
2011_0734-con34,2011_0734-dn,con34,local-authority:HCK,,
2011_0734-con35,2011_0734-dn,con35,local-authority:HCK,,
2011_0734-con36,2011_0734-dn,con36,local-authority:HCK,,
2011_0734-con37,2011_0734-dn,con37,local-authority:HCK,,
2011_0734-con38,2011_0734-dn,con38,local-authority:HCK,,
2011_0734-con39,2011_0734-dn,con39,local-authority:HCK,,
2011_0734-con40,2011_0734-dn,con40,local-authority:HCK,,
2011_0734-con41,2011_0734-dn,con41,local-authority:HCK,,
2011_0734-con42,2011_0734-dn,con42,local-authority:HCK,,
2011_0734-con43,2011_0734-dn,con43,local-authority:HCK,,
2011_0734-con44,2011_0734-dn,con44,local-authority:HCK,,
2011_0734-con45,2011_0734-dn,con45,local-authority:HCK,,
2011_0734-con46,2011_0734-dn,con46,local-authority:HCK,,
2011_0734-con47,2011_0734-dn,con47,local-authority:HCK,,
2011_0734-con48,2011_0734-dn,con48,local-authority:HCK,,
2011_0734-con49,2011_0734-dn,con49,local-authority:HCK,,
2011_0734-con50,2011_0734-dn,con50,local-authority:HCK,,
2011_0734-con51,2011_0734-dn,con51,local-authority:HCK,,
2011_0734-con52,2011_0734-dn,con52,local-authority:HCK,,
2011_0734-con53,2011_0734-dn,con53,local-authority:HCK,,
2011_0734-con54,2011_0734-dn,con54,local-authority:HCK,,
2011_0734-con55,2011_0734-dn,con55,local-authority:HCK,,
2011_0734-con56,2011_0734-dn,con56,local-authority:HCK,,
2011_0734-con57,2011_0734-dn,con57,local-authority:HCK,,
2020_2026-con01,2020_2026-decision-notice,condition-01,local-authority:HCK,,
2020_2026-con02,2020_2026-decision-notice,condition-02,local-authority:HCK,,
2020_2026-con03,2020_2026-decision-notice,condition-03,local-authority:HCK,,
2020_2026-con04,2020_2026-decision-notice,condition-04,local-authority:HCK,,
2020_2026-con05,2020_2026-decision-notice,condition-05,local-authority:HCK,,
2023_1428-con01,2023_1428-decision-notice,2023_1428-condition-01,local-authority:CMD,,
2023_1428-con02,2023_1428-decision-notice,2023_1428-condition-02,local-authority:CMD,,
2023_1428-con03,2023_1428-decision-notice,2023_1428-condition-03,local-authority:CMD,,
2023_1428-con04,2023_1428-decision-notice,2023_1428-condition-04,local-authority:CMD,,
DC_15_092295-decision-condition-01,DC_15_092295-decision-notice,DC_15_092295-condition-01,local-authority:LEW,,
DC_15_092295-decision-condition-02,DC_15_092295-decision-notice,DC_15_092295-condition-02,local-authority:LEW,,
DC_15_092295-decision-condition-03,DC_15_092295-decision-notice,DC_15_092295-condition-03,local-authority:LEW,,
DC_15_092295-decision-condition-04,DC_15_092295-decision-notice,DC_15_092295-condition-04,local-authority:LEW,,
DC_15_092295-decision-condition-05,DC_15_092295-decision-notice,DC_15_092295-condition-05,local-authority:LEW,,
DC_15_092295-decision-condition-06,DC_15_092295-decision-notice,DC_15_092295-condition-06,local-authority:LEW,,
DC_15_092295-decision-condition-07,DC_15_092295-decision-notice,DC_15_092295-condition-07,local-authority:LEW,,
DC_15_092295-decision-condition-08,DC_15_092295-decision-notice,DC_15_092295-condition-08,local-authority:LEW,,
DC_15_092295-decision-condition-09,DC_15_092295-decision-notice,DC_15_092295-condition-09,local-authority:LEW,,
DC_15_092295-decision-condition-10,DC_15_092295-decision-notice,DC_15_092295-condition-10,local-authority:LEW,,
DC_15_092295-decision-condition-11,DC_15_092295-decision-notice,DC_15_092295-condition-11,local-authority:LEW,,
DC_15_092295-decision-condition-12,DC_15_092295-decision-notice,DC_15_092295-condition-12,local-authority:LEW,,
DC_15_092295-decision-condition-13,DC_15_092295-decision-notice,DC_15_092295-condition-13,local-authority:LEW,,
DC_15_092295-decision-condition-14,DC_15_092295-decision-notice,DC_15_092295-condition-14,local-authority:LEW,,
DC_15_092295-decision-condition-15,DC_15_092295-decision-notice,DC_15_092295-condition-15,local-authority:LEW,,
DC_15_092295-decision-condition-16,DC_15_092295-decision-notice,DC_15_092295-condition-16,local-authority:LEW,,
DC_15_092295-decision-condition-17,DC_15_092295-decision-notice,DC_15_092295-condition-17,local-authority:LEW,,
DC_15_092295-decision-condition-18,DC_15_092295-decision-notice,DC_15_092295-condition-18,local-authority:LEW,,
DC_15_092295-decision-condition-19,DC_15_092295-decision-notice,DC_15_092295-condition-19,local-authority:LEW,,
DC_15_092295-decision-condition-20,DC_15_092295-decision-notice,DC_15_092295-condition-20,local-authority:LEW,,
DC_15_092295-decision-condition-21,DC_15_092295-decision-notice,DC_15_092295-condition-21,local-authority:LEW,,
DC_15_092295-decision-condition-22,DC_15_092295-decision-notice,DC_15_092295-condition-22,local-authority:LEW,,
DC_15_092295-decision-condition-23,DC_15_092295-decision-notice,DC_15_092295-condition-23,local-authority:LEW,,
DC_15_092295-decision-condition-24,DC_15_092295-decision-notice,DC_15_092295-condition-24,local-authority:LEW,,
DC_15_092295-decision-condition-25,DC_15_092295-decision-notice,DC_15_092295-condition-25,local-authority:LEW,,
DC_15_092295-decision-condition-26,DC_15_092295-decision-notice,DC_15_092295-condition-26,local-authority:LEW,,
DC_15_092295-decision-condition-27,DC_15_092295-decision-notice,DC_15_092295-condition-27,local-authority:LEW,,
DC_15_092295-decision-condition-28,DC_15_092295-decision-notice,DC_15_092295-condition-28,local-authority:LEW,,
DC_15_092295-decision-condition-29,DC_15_092295-decision-notice,DC_15_092295-condition-29,local-authority:LEW,,
DC_15_092295-decision-condition-30,DC_15_092295-decision-notice,DC_15_092295-condition-30,local-authority:LEW,,
DC_15_092295-decision-condition-31,DC_15_092295-decision-notice,DC_15_092295-condition-31,local-authority:LEW,,
DC_15_092295-decision-condition-32,DC_15_092295-decision-notice,DC_15_092295-condition-32,local-authority:LEW,,
DC_15_092295-decision-condition-33,DC_15_092295-decision-notice,DC_15_092295-condition-33,local-authority:LEW,,
DC_15_092295-decision-condition-34,DC_15_092295-decision-notice,DC_15_092295-condition-34,local-authority:LEW,,
DC_15_092295-decision-condition-35,DC_15_092295-decision-notice,DC_15_092295-condition-35,local-authority:LEW,,
DC_15_092295-decision-condition-36,DC_15_092295-decision-notice,DC_15_092295-condition-36,local-authority:LEW,,
DC_15_092295-decision-condition-37,DC_15_092295-decision-notice,DC_15_092295-condition-37,local-authority:LEW,,
DC_15_092295-decision-condition-38,DC_15_092295-decision-notice,DC_15_092295-condition-38,local-authority:LEW,,
DC_15_092295-decision-condition-39,DC_15_092295-decision-notice,DC_15_092295-condition-39,local-authority:LEW,,
DC_15_092295-decision-condition-40,DC_15_092295-decision-notice,DC_15_092295-condition-40,local-authority:LEW,,
DC_15_092295-decision-condition-41,DC_15_092295-decision-notice,DC_15_092295-condition-41,local-authority:LEW,,
DC_15_092295-decision-condition-42,DC_15_092295-decision-notice,DC_15_092295-condition-42,local-authority:LEW,,
DC_15_092295-decision-condition-43,DC_15_092295-decision-notice,DC_15_092295-condition-43,local-authority:LEW,,
DC_15_092295-decision-condition-44,DC_15_092295-decision-notice,DC_15_092295-condition-44,local-authority:LEW,,
DC_15_092295-decision-condition-45,DC_15_092295-decision-notice,DC_15_092295-condition-45,local-authority:LEW,,
DC_15_092295-decision-condition-46,DC_15_092295-decision-notice,DC_15_092295-condition-46,local-authority:LEW,,
DC_15_092295-decision-condition-47,DC_15_092295-decision-notice,DC_15_092295-condition-47,local-authority:LEW,,
DC_15_092295-decision-condition-48,DC_15_092295-decision-notice,DC_15_092295-condition-48,local-authority:LEW,,
DC_15_092295-decision-condition-49,DC_15_092295-decision-notice,DC_15_092295-condition-49,local-authority:LEW,,
DC_15_092295-decision-condition-50,DC_15_092295-decision-notice,DC_15_092295-condition-50,local-authority:LEW,,
DC_15_092295-decision-condition-51,DC_15_092295-decision-notice,DC_15_092295-condition-51,local-authority:LEW,,
DC_15_092295-decision-condition-52,DC_15_092295-decision-notice,DC_15_092295-condition-52,local-authority:LEW,,
DC_15_092295-decision-condition-53,DC_15_092295-decision-notice,DC_15_092295-condition-53,local-authority:LEW,,
DC_15_092295-decision-condition-54,DC_15_092295-decision-notice,DC_15_092295-condition-54,local-authority:LEW,,
DC_15_092295-decision-condition-55,DC_15_092295-decision-notice,DC_15_092295-condition-55,local-authority:LEW,,
DC_15_092295-decision-condition-AA1,DC_15_092295-decision-notice,DC_15_092295-condition-AA1,local-authority:LEW,,
DC_16_097629-decision-condition-01,DC_16_097629-decision-notice,DC_16_097629-condition-01,local-authority:LEW,,
DC_16_097629-decision-condition-02,DC_16_097629-decision-notice,DC_16_097629-condition-02,local-authority:LEW,,
DC_16_097629-decision-condition-03,DC_16_097629-decision-notice,DC_16_097629-condition-03,local-authority:LEW,,
DC_16_097629-decision-condition-04,DC_16_097629-decision-notice,DC_16_097629-condition-04,local-authority:LEW,,
DC_16_097629-decision-condition-05,DC_16_097629-decision-notice,DC_16_097629-condition-05,local-authority:LEW,,
DC_16_097629-decision-condition-06,DC_16_097629-decision-notice,DC_16_097629-condition-06,local-authority:LEW,,
DC_16_097629-decision-condition-07,DC_16_097629-decision-notice,DC_16_097629-condition-07,local-authority:LEW,,
DC_16_097629-decision-condition-08,DC_16_097629-decision-notice,DC_16_097629-condition-08,local-authority:LEW,,
DC_16_097629-decision-condition-09,DC_16_097629-decision-notice,DC_16_097629-condition-09,local-authority:LEW,,
DC_16_097629-decision-condition-10,DC_16_097629-decision-notice,DC_16_097629-condition-10,local-authority:LEW,,
DC_16_097629-decision-condition-11,DC_16_097629-decision-notice,DC_16_097629-condition-11,local-authority:LEW,,
DC_16_097629-decision-condition-12,DC_16_097629-decision-notice,DC_16_097629-condition-12,local-authority:LEW,,
DC_16_097629-decision-condition-13,DC_16_097629-decision-notice,DC_16_097629-condition-13,local-authority:LEW,,
DC_16_097629-decision-condition-14,DC_16_097629-decision-notice,DC_16_097629-condition-14,local-authority:LEW,,
DC_16_097629-decision-condition-15,DC_16_097629-decision-notice,DC_16_097629-condition-15,local-authority:LEW,,
DC_16_097629-decision-condition-16,DC_16_097629-decision-notice,DC_16_097629-condition-16,local-authority:LEW,,
DC_16_097629-decision-condition-17,DC_16_097629-decision-notice,DC_16_097629-condition-17,local-authority:LEW,,
DC_16_097629-decision-condition-18,DC_16_097629-decision-notice,DC_16_097629-condition-18,local-authority:LEW,,
DC_16_097629-decision-condition-19,DC_16_097629-decision-notice,DC_16_097629-condition-19,local-authority:LEW,,
DC_16_097629-decision-condition-20,DC_16_097629-decision-notice,DC_16_097629-condition-20,local-authority:LEW,,
DC_16_097629-decision-condition-21,DC_16_097629-decision-notice,DC_16_097629-condition-21,local-authority:LEW,,
DC_16_097629-decision-condition-22,DC_16_097629-decision-notice,DC_16_097629-condition-22,local-authority:LEW,,
DC_16_097629-decision-condition-23,DC_16_097629-decision-notice,DC_16_097629-condition-23,local-authority:LEW,,
DC_16_097629-decision-condition-24,DC_16_097629-decision-notice,DC_16_097629-condition-24,local-authority:LEW,,
DC_16_097629-decision-condition-25,DC_16_097629-decision-notice,DC_16_097629-condition-25,local-authority:LEW,,
DC_16_097629-decision-condition-26,DC_16_097629-decision-notice,DC_16_097629-condition-26,local-authority:LEW,,
DC_16_097629-decision-condition-27,DC_16_097629-decision-notice,DC_16_097629-condition-27,local-authority:LEW,,
DC_16_097629-decision-condition-28,DC_16_097629-decision-notice,DC_16_097629-condition-28,local-authority:LEW,,
DC_16_097629-decision-condition-29,DC_16_097629-decision-notice,DC_16_097629-condition-29,local-authority:LEW,,
DC_16_097629-decision-condition-30,DC_16_097629-decision-notice,DC_16_097629-condition-30,local-authority:LEW,,
DC_16_097629-decision-condition-31,DC_16_097629-decision-notice,DC_16_097629-condition-31,local-authority:LEW,,
DC_16_097629-decision-condition-32,DC_16_097629-decision-notice,DC_16_097629-condition-32,local-authority:LEW,,
DC_16_097629-decision-condition-33,DC_16_097629-decision-notice,DC_16_097629-condition-33,local-authority:LEW,,
DC_16_097629-decision-condition-34,DC_16_097629-decision-notice,DC_16_097629-condition-34,local-authority:LEW,,
DC_16_097629-decision-condition-35,DC_16_097629-decision-notice,DC_16_097629-condition-35,local-authority:LEW,,
DC_16_097629-decision-condition-36,DC_16_097629-decision-notice,DC_16_097629-condition-36,local-authority:LEW,,
DC_16_097629-decision-condition-37,DC_16_097629-decision-notice,DC_16_097629-condition-37,local-authority:LEW,,
DC_16_097629-decision-condition-38,DC_16_097629-decision-notice,DC_16_097629-condition-38,local-authority:LEW,,
DC_16_097629-decision-condition-39,DC_16_097629-decision-notice,DC_16_097629-condition-39,local-authority:LEW,,
DC_16_097629-decision-condition-40,DC_16_097629-decision-notice,DC_16_097629-condition-40,local-authority:LEW,,
DC_16_097629-decision-condition-41,DC_16_097629-decision-notice,DC_16_097629-condition-41,local-authority:LEW,,
DC_16_097629-decision-condition-42,DC_16_097629-decision-notice,DC_16_097629-condition-42,local-authority:LEW,,
DC_16_097629-decision-condition-43,DC_16_097629-decision-notice,DC_16_097629-condition-43,local-authority:LEW,,
DC_16_097629-decision-condition-44,DC_16_097629-decision-notice,DC_16_097629-condition-44,local-authority:LEW,,
DC_16_097629-decision-condition-45,DC_16_097629-decision-notice,DC_16_097629-condition-45,local-authority:LEW,,
DC_16_097629-decision-condition-46,DC_16_097629-decision-notice,DC_16_097629-condition-46,local-authority:LEW,,
DC_16_097629-decision-condition-47,DC_16_097629-decision-notice,DC_16_097629-condition-47,local-authority:LEW,,
